

-- Insert into address (address_id, address)
INSERT INTO address (address) VALUES
('Sveavägen 1, 111 57 Stockholm'),
('Drottninggatan 42, 111 51 Stockholm'),
('Götgatan 28, 116 21 Stockholm'),
('Olof Palmes gata 17, 111 22 Stockholm'),
('Vasagatan 10, 111 20 Stockholm'),
('Kungsgatan 63, 111 22 Stockholm'),
('Folkungagatan 49, 116 22 Stockholm'),
('Sankt Eriksgatan 102, 113 32 Stockholm'),
('Lilla Essingen 18, 112 66 Stockholm'),
('Torsgatan 32, 113 63 Stockholm'),
('Västerlånggatan 68, 111 29 Stockholm'),
('Karlavägen 67, 115 23 Stockholm'),
('Bromma Blocks, 168 73 Bromma'),
('Bergshamraleden 56, 168 56 Stockholm'),
('Alviksvägen 45, 167 33 Bromma'),
('Ringvägen 101, 116 61 Stockholm'),
('Sundbybergsvägen 1, 172 67 Sundbyberg'),
('Vintertullstorget 1, 118 54 Stockholm'),
('Odenplan 2, 113 56 Stockholm'),
('Skeppargatan 6, 114 52 Stockholm'),
('Lidingövägen 13, 114 51 Stockholm'),
('Nybroplan 1, 111 47 Stockholm'),
('Sturegatan 44, 114 36 Stockholm'),
('Tegelbacken 4, 111 52 Stockholm'),
('Upplandsgatan 33, 113 28 Stockholm'),
('Norrtullsgatan 2, 113 27 Stockholm'),
('Hötorget 1, 111 57 Stockholm'),
('Birger Jarlsgatan 29, 114 34 Stockholm'),
('Sundbybergs Torg 2, 172 67 Sundbyberg'),
('Solnavägen 4, 113 65 Stockholm'),
('Birkagatan 25, 113 39 Stockholm'),
('Gullmarsplan 1, 121 58 Stockholm'),
('Stadshagsvägen 9, 112 21 Stockholm'),
('Tantolunden 11, 117 33 Stockholm'),
('Hammarby Allé 29, 120 63 Stockholm'),
('Västberga Allé 7, 126 30 Hägersten'),
('Rålambsvägen 15, 112 59 Stockholm'),
('Mäster Samuelsgatan 56, 111 21 Stockholm'),
('Järnvägsgatan 1, 194 21 Upplands Väsby'),
('Sundbyberg C, 172 67 Sundbyberg'),
('Hagaparken, 169 70 Solna'),
('Klarabergsviadukten 63, 111 64 Stockholm'),
('Vintertullstorget 5, 118 55 Stockholm'),
('Trädgårdsgatan 5, 118 46 Stockholm'),
('Fridhemsplan 4, 112 40 Stockholm'),
('Lilla Essingen 8, 112 66 Stockholm'),
('Birkagatan 35, 113 39 Stockholm'),
('Roslagsgatan 29, 113 55 Stockholm'),
('Östermalmsgatan 46, 114 49 Stockholm'),
('Sankt Göransgatan 47, 112 58 Stockholm'),
('Fridhemsgatan 4, 112 40 Stockholm'),
('Kungsbroplan 1, 112 25 Stockholm'),
('Götgatan 89, 116 62 Stockholm'),
('Sundbybergs Torg 7, 172 67 Sundbyberg'),
('Katarina Bangata 20, 116 39 Stockholm'),
('Rådmansgatan 56, 113 57 Stockholm'),
('Eriksbergsgatan 5, 114 30 Stockholm'),
('Östermalmsgatan 55, 114 55 Stockholm'),
('Norra Stationsgatan 93, 113 64 Stockholm'),
('Arenavägen 61, 121 77 Stockholm'),
('Västberga Allé 3, 126 30 Hägersten'),
('Vallhallavägen 19, 114 28 Stockholm'),
('Stora Gatan 12, 631 50 Eskilstuna'),
('Nyköpingsvägen 3, 611 39 Nyköping'),
('Hälsingegatan 35, 113 31 Stockholm'),
('Kungsträdgårdsgatan 10, 111 47 Stockholm'),
('Skånegatan 19, 116 37 Stockholm'),
('Södra Förstadsgatan 48, 211 43 Malmö'),
('Sankt Eriksgatan 55, 113 31 Stockholm'),
('Ringvägen 39, 116 61 Stockholm'),
('Fleminggatan 5, 112 26 Stockholm'),
('Folkungagatan 45, 116 22 Stockholm'),
('Kistagången 1, 164 40 Kista'),
('Stigbergsliden 1, 116 28 Stockholm'),
('Fridhemsplan 12, 112 40 Stockholm'),
('Kungsholmsgatan 9, 112 20 Stockholm'),
('Midsommarkransen 18, 126 34 Hägersten'),
('Järva Krogsväg 34, 170 66 Solna'),
('Fältöversten 7, 114 18 Stockholm'),
('Odengatan 35, 113 51 Stockholm'),
('Vallhallavägen 72, 114 27 Stockholm'),
('Södra Vägen 18, 412 54 Göteborg'),
('Frösunda Torg 2, 169 70 Solna'),
('Vikingagatan 43, 113 55 Stockholm'),
('Ostermalms Saluhall 19, 114 55 Stockholm'),
('Gärdet, 115 21 Stockholm'),
('Erik Dahlbergsgatan 22, 115 20 Stockholm'),
('Östermalmsleden 38, 114 20 Stockholm'),
('Hökarängen 12, 123 43 Stockholm'),
('Snickarbacken 9, 111 39 Stockholm'),
('Strandvägen 57, 115 24 Stockholm'),
('Jungfrugatan 6, 114 57 Stockholm'),
('Korsgatan 10, 503 34 Borås'),
('Svedmyraplan 3, 127 42 Skärholmen'),
('Södra Vägen 5, 412 54 Göteborg'),
('Stavangergatan 5, 167 51 Bromma'),
('Norrköpingvägen 6, 602 40 Norrköping'),
('Lilla Varholmen 14, 424 65 Göteborg'),
('Frösunda Torg 5, 169 70 Solna'),
('Södra Förstadsgatan 19, 211 43 Malmö'),
('Andra Långgatan 16, 413 27 Göteborg'),
('Sjövägen 1, 121 56 Stockholm'),
('Torsgatan 17, 113 21 Stockholm'),
('Vallhallavägen 62, 114 28 Stockholm'),
('Södra Agnegatan 45, 112 23 Stockholm'),
('Huvudsta, 171 63 Solna'),
('Fabriksgatan 2, 412 50 Göteborg'),
('Järnvägsgatan 33, 194 21 Upplands Väsby'),
('Rindögatan 31, 115 34 Stockholm'),
('Götgatan 66, 116 21 Stockholm'),
('Dalagatan 51, 113 24 Stockholm'),
('Sundbybergs Torg 10, 172 67 Sundbyberg'),
('Västra Lilla Varholmen 3, 424 65 Göteborg'),
('Bergsundsgatan 33, 116 62 Stockholm'),
('Kvastvägen 9, 182 32 Danderyd'),
('Strandvägen 32, 115 56 Stockholm'),
('Norrlandsgatan 22, 111 43 Stockholm'),
('Lilla Nygatan 8, 111 28 Stockholm'),
('Västerlånggatan 22, 111 29 Stockholm'),
('Lilla Essingen 20, 112 66 Stockholm'),
('Odenplan 9, 113 56 Stockholm'),
('Lilla Brogatan 13, 703 60 Örebro'),
('Rådmansgatan 7, 113 56 Stockholm'),
('Arlanda Express 11, 190 60 Märsta'),
('Albyvägen 13, 145 50 Norsborg'),
('Västerbrogatan 8, 112 45 Stockholm'),
('Fleminggatan 24, 112 23 Stockholm'),
('Söderhallarna, 116 63 Stockholm'),
('Västra Storgatan 6, 302 42 Halmstad');

INSERT INTO phone_number (phone_no) VALUES
('+46 70 123 4561'),
('+46 70 123 4562'),
('+46 70 123 4563'),
('+46 70 123 4564'),
('+46 70 123 4565'),
('+46 70 123 4566'),
('+46 70 123 4567'),
('+46 70 123 4568'),
('+46 70 123 4569'),
('+46 70 123 4570'),
('+46 70 124 4561'),
('+46 70 124 4562'),
('+46 70 124 4563'),
('+46 70 124 4564'),
('+46 70 124 4565'),
('+46 70 124 4566'),
('+46 70 124 4567'),
('+46 70 124 4568'),
('+46 70 124 4569'),
('+46 70 124 4570'),
('+46 72 345 6781'),
('+46 72 345 6782'),
('+46 72 345 6783'),
('+46 72 345 6784'),
('+46 72 345 6785'),
('+46 72 345 6786'),
('+46 72 345 6787'),
('+46 72 345 6788'),
('+46 72 345 6789'),
('+46 72 345 6790'),
('+46 73 456 7891'),
('+46 73 456 7892'),
('+46 73 456 7893'),
('+46 73 456 7894'),
('+46 73 456 7895'),
('+46 73 456 7896'),
('+46 73 456 7897'),
('+46 73 456 7898'),
('+46 73 456 7899'),
('+46 73 456 7800'),
('+46 76 567 8901'),
('+46 76 567 8902'),
('+46 76 567 8903'),
('+46 76 567 8904'),
('+46 76 567 8905'),
('+46 76 567 8906'),
('+46 76 567 8907'),
('+46 76 567 8908'),
('+46 76 567 8909'),
('+46 76 567 8910'),
('+46 8 123 4561'),
('+46 8 123 4562'),
('+46 8 123 4563'),
('+46 8 123 4564'),
('+46 8 123 4565'),
('+46 8 123 4566'),
('+46 8 123 4567'),
('+46 8 123 4568'),
('+46 8 123 4569'),
('+46 8 123 4570'),
('+46 31 654 3211'),
('+46 31 654 3212'),
('+46 31 654 3213'),
('+46 31 654 3214'),
('+46 31 654 3215'),
('+46 31 654 3216'),
('+46 31 654 3217'),
('+46 31 654 3218'),
('+46 31 654 3219'),
('+46 31 654 3220'),
('+46 40 987 6541'),
('+46 40 987 6542'),
('+46 40 987 6543'),
('+46 40 987 6544'),
('+46 40 987 6545'),
('+46 40 987 6546'),
('+46 40 987 6547'),
('+46 40 987 6548'),
('+46 40 987 6549'),
('+46 40 987 6550'),
('+46 46 567 8901'),
('+46 46 567 8902'),
('+46 46 567 8903'),
('+46 46 567 8904'),
('+46 46 567 8905'),
('+46 46 567 8906'),
('+46 46 567 8907'),
('+46 46 567 8908'),
('+46 46 567 8909'),
('+46 46 567 8910'),
('+46 21 123 4561'),
('+46 21 123 4562'),
('+46 21 123 4563'),
('+46 21 123 4564'),
('+46 21 123 4565'),
('+46 21 123 4566'),
('+46 21 123 4567'),
('+46 21 123 4568'),
('+46 21 123 4569'),
('+46 21 123 4570'),
('+46 90 321 6541'),
('+46 90 321 6542'),
('+46 90 321 6543'),
('+46 90 321 6544'),
('+46 90 321 6545'),
('+46 90 321 6546'),
('+46 90 321 6547'),
('+46 90 321 6548'),
('+46 90 321 6549'),
('+46 90 321 6550'),
('+46 19 789 0123'),
('+46 19 789 0124'),
('+46 19 789 0125'),
('+46 19 789 0126'),
('+46 19 789 0127'),
('+46 19 789 0128'),
('+46 19 789 0129'),
('+46 19 789 0130'),
('+46 19 789 0131'),
('+46 19 789 0132');

-- Insert into person_address table
INSERT INTO person_address (person_id, address_id) VALUES
(1, 1),
(2, 2),
(3, 3),
(4, 4),
(5, 5),
(6, 6),
(7, 7),
(8, 8),
(9, 9),
(10, 10),
(11, 11),
(12, 12),
(13, 13),
(14, 14),
(15, 15),
(16, 16),
(17, 17),
(18, 18),
(19, 19),
(20, 20),
(21, 21),
(22, 22),
(23, 23),
(24, 24),
(25, 25),
(26, 26),
(27, 27),
(28, 28),
(29, 29),
(30, 30),
(31, 31),
(32, 32),
(33, 33),
(34, 34),
(35, 35),
(36, 36),
(37, 37),
(38, 38),
(39, 39),
(40, 40),
(41, 41),
(42, 42),
(43, 43),
(44, 44),
(45, 45),
(46, 46),
(47, 47),
(48, 48),
(49, 49),
(50, 50),
(51, 51),
(52, 52),
(53, 53),
(54, 54),
(55, 55),
(56, 56),
(57, 57),
(58, 58),
(59, 59),
(60, 60),
(61, 61),
(62, 62),
(63, 63),
(64, 64),
(65, 65),
(66, 66),
(67, 67),
(68, 68),
(69, 69),
(70, 70),
(71, 71),
(72, 72),
(73, 73),
(74, 74),
(75, 75),
(76, 76),
(77, 77),
(78, 78),
(79, 79),
(80, 80),
(81, 81),
(82, 82),
(83, 83),
(84, 84),
(85, 85),
(86, 86),
(87, 87),
(88, 88),
(89, 89),
(90, 90),
(91, 91),
(92, 92),
(93, 93),
(94, 94),
(95, 95),
(96, 96),
(97, 97),
(98, 98),
(99, 99),
(100, 100),
(101, 101),
(102, 102),
(103, 103),
(104, 104),
(105, 105),
(106, 106),
(107, 107),
(108, 108),
(109, 109),
(110, 110),
(111, 111),
(112, 112),
(113, 113),
(114, 114),
(115, 115),
(116, 116),
(117, 117),
(118, 118),
(119, 119),
(120, 120),
(121, 121),
(122, 122),
(123, 123),
(124, 124),
(125, 125),
(126, 126),
(127, 127),
(128, 128),
(129, 129),
(130, 130),
(131, 131),
(132, 132),
(133, 133),
(134, 134),
(135, 135),
(136, 136),
(137, 137),
(138, 138),
(139, 139),
(140, 140),
(141, 141),
(142, 142),
(143, 143),
(144, 144),
(145, 145),
(146, 146),
(147, 147),
(148, 148),
(149, 149),
(150, 150);

-- Insert into person_phone table
INSERT INTO person_phone (person_id, phone_num_id) VALUES
(1, 1),
(2, 2),
(3, 3),
(4, 4),
(5, 5),
(6, 6),
(7, 7),
(8, 8),
(9, 9),
(10, 10),
(11, 11),
(12, 12),
(13, 13),
(14, 14),
(15, 15),
(16, 16),
(17, 17),
(18, 18),
(19, 19),
(20, 20),
(21, 21),
(22, 22),
(23, 23),
(24, 24),
(25, 25),
(26, 26),
(27, 27),
(28, 28),
(29, 29),
(30, 30),
(31, 31),
(32, 32),
(33, 33),
(34, 34),
(35, 35),
(36, 36),
(37, 37),
(38, 38),
(39, 39),
(40, 40),
(41, 41),
(42, 42),
(43, 43),
(44, 44),
(45, 45),
(46, 46),
(47, 47),
(48, 48),
(49, 49),
(50, 50),
(51, 51),
(52, 52),
(53, 53),
(54, 54),
(55, 55),
(56, 56),
(57, 57),
(58, 58),
(59, 59),
(60, 60),
(61, 61),
(62, 62),
(63, 63),
(64, 64),
(65, 65),
(66, 66),
(67, 67),
(68, 68),
(69, 69),
(70, 70),
(71, 71),
(72, 72),
(73, 73),
(74, 74),
(75, 75),
(76, 76),
(77, 77),
(78, 78),
(79, 79),
(80, 80),
(81, 81),
(82, 82),
(83, 83),
(84, 84),
(85, 85),
(86, 86),
(87, 87),
(88, 88),
(89, 89),
(90, 90),
(91, 91),
(92, 92),
(93, 93),
(94, 94),
(95, 95),
(96, 96),
(97, 97),
(98, 98),
(99, 99),
(100, 100),
(101, 101),
(102, 102),
(103, 103),
(104, 104),
(105, 105),
(106, 106),
(107, 107),
(108, 108),
(109, 109),
(110, 110),
(111, 111),
(112, 112),
(113, 113),
(114, 114),
(115, 115),
(116, 116),
(117, 117),
(118, 118),
(119, 119),
(120, 120),
(121, 121),
(122, 122),
(123, 123),
(124, 124),
(125, 125),
(126, 126),
(127, 127),
(128, 128),
(129, 129),
(130, 130),
(131, 131),
(132, 132),
(133, 133),
(134, 134),
(135, 135),
(136, 136),
(137, 137),
(138, 138),
(139, 139),
(140, 140),
(141, 141),
(142, 142),
(143, 143),
(144, 144),
(145, 145),
(146, 146),
(147, 147),
(148, 148),
(149, 149),
(150, 150);





INSERT INTO student (person_id, present_skill) VALUES
(1, 'beginner'),
(2, 'intermediate'),
(3, 'advanced'),
(4, 'beginner'),
(5, 'intermediate'),
(6, 'advanced'),
(7, 'beginner'),
(8, 'intermediate'),
(9, 'advanced'),
(10, 'beginner'),
(11, 'intermediate'),
(12, 'advanced'),
(13, 'beginner'),
(14, 'intermediate'),
(15, 'advanced'),
(16, 'beginner'),
(17, 'intermediate'),
(18, 'advanced'),
(19, 'beginner'),
(20, 'intermediate'),
(21, 'advanced'),
(22, 'beginner'),
(23, 'intermediate'),
(24, 'advanced'),
(25, 'beginner'),
(26, 'intermediate'),
(27, 'advanced'),
(28, 'beginner'),
(29, 'intermediate'),
(30, 'advanced'),
(31, 'beginner'),
(32, 'intermediate'),
(33, 'advanced'),
(34, 'beginner'),
(35, 'intermediate'),
(36, 'advanced'),
(37, 'beginner'),
(38, 'intermediate'),
(39, 'advanced'),
(40, 'beginner'),
(41, 'intermediate'),
(42, 'advanced'),
(43, 'beginner'),
(44, 'intermediate'),
(45, 'advanced'),
(46, 'beginner'),
(47, 'intermediate'),
(48, 'advanced'),
(49, 'beginner'),
(50, 'intermediate'),
(51, 'advanced'),
(52, 'beginner'),
(53, 'intermediate'),
(54, 'advanced'),
(55, 'beginner'),
(56, 'intermediate'),
(57, 'advanced'),
(58, 'beginner'),
(59, 'intermediate'),
(60, 'advanced'),
(61, 'beginner'),
(62, 'intermediate'),
(63, 'advanced'),
(64, 'beginner'),
(65, 'intermediate'),
(66, 'advanced'),
(67, 'beginner'),
(68, 'intermediate'),
(69, 'advanced'),
(70, 'beginner'),
(71, 'intermediate'),
(72, 'advanced'),
(73, 'beginner'),
(74, 'intermediate'),
(75, 'advanced'),
(76, 'beginner'),
(77, 'intermediate'),
(78, 'advanced'),
(79, 'beginner'),
(80, 'intermediate'),
(81, 'advanced'),
(82, 'beginner'),
(83, 'intermediate'),
(84, 'advanced'),
(85, 'beginner'),
(86, 'intermediate'),
(87, 'advanced'),
(88, 'beginner'),
(89, 'intermediate'),
(90, 'advanced'),
(91, 'beginner'),
(92, 'intermediate'),
(93, 'advanced'),
(94, 'beginner'),
(95, 'intermediate'),
(96, 'advanced'),
(97, 'beginner'),
(98, 'intermediate'),
(99, 'advanced'),
(100, 'beginner'),
(101, 'intermediate'),
(102, 'advanced'),
(103, 'beginner'),
(104, 'intermediate'),
(105, 'advanced'),
(106, 'beginner'),
(107, 'intermediate'),
(108, 'advanced'),
(109, 'beginner'),
(110, 'intermediate'),
(111, 'advanced'),
(112, 'beginner'),
(113, 'intermediate'),
(114, 'advanced'),
(115, 'beginner'),
(116, 'intermediate'),
(117, 'advanced'),
(118, 'beginner'),
(119, 'intermediate'),
(120, 'advanced'),
(121, 'beginner'),
(122, 'intermediate'),
(123, 'advanced'),
(124, 'beginner'),
(125, 'intermediate'),
(126, 'advanced'),
(127, 'beginner'),
(128, 'intermediate'),
(129, 'advanced'),
(130, 'beginner'),
(131, 'intermediate'),
(132, 'advanced'),
(133, 'beginner'),
(134, 'intermediate'),
(135, 'advanced'),
(136, 'beginner'),
(137, 'intermediate'),
(138, 'advanced'),
(139, 'beginner'),
(140, 'intermediate'),
(141, 'advanced'),
(142, 'beginner'),
(143, 'intermediate'),
(144, 'advanced'),
(145, 'beginner'),
(146, 'intermediate'),
(147, 'advanced'),
(148, 'beginner'),
(149, 'intermediate'),
(150, 'advanced');


INSERT INTO instructor (person_id, present_skill) VALUES
(1, 'expert'),
(2, 'professional'),
(3, 'senior'),
(4, 'expert'),
(5, 'professional'),
(6, 'senior'),
(7, 'expert'),
(8, 'professional'),
(9, 'senior'),
(10, 'expert'),
(11, 'professional'),
(12, 'senior'),
(13, 'expert'),
(14, 'professional'),
(15, 'senior'),
(16, 'expert'),
(17, 'professional'),
(18, 'senior'),
(19, 'expert'),
(20, 'professional'),
(21, 'senior'),
(22, 'expert'),
(23, 'professional'),
(24, 'senior'),
(25, 'expert'),
(26, 'professional'),
(27, 'senior'),
(28, 'expert'),
(29, 'professional'),
(30, 'senior'),
(31, 'expert'),
(32, 'professional'),
(33, 'senior'),
(34, 'expert'),
(35, 'professional'),
(36, 'senior'),
(37, 'expert'),
(38, 'professional'),
(39, 'senior'),
(40, 'expert'),
(41, 'professional'),
(42, 'senior'),
(43, 'expert'),
(44, 'professional'),
(45, 'senior'),
(46, 'expert'),
(47, 'professional'),
(48, 'senior'),
(49, 'expert'),
(50, 'professional'),
(51, 'senior'),
(52, 'expert'),
(53, 'professional'),
(54, 'senior'),
(55, 'expert'),
(56, 'professional'),
(57, 'senior'),
(58, 'expert'),
(59, 'professional'),
(60, 'senior'),
(61, 'expert'),
(62, 'professional'),
(63, 'senior'),
(64, 'expert'),
(65, 'professional'),
(66, 'senior'),
(67, 'expert'),
(68, 'professional'),
(69, 'senior'),
(70, 'expert'),
(71, 'professional'),
(72, 'senior'),
(73, 'expert'),
(74, 'professional'),
(75, 'senior'),
(76, 'expert'),
(77, 'professional'),
(78, 'senior'),
(79, 'expert'),
(80, 'professional'),
(81, 'senior'),
(82, 'expert'),
(83, 'professional'),
(84, 'senior'),
(85, 'expert'),
(86, 'professional'),
(87, 'senior'),
(88, 'expert'),
(89, 'professional'),
(90, 'senior'),
(91, 'expert'),
(92, 'professional'),
(93, 'senior'),
(94, 'expert'),
(95, 'professional'),
(96, 'senior'),
(97, 'expert'),
(98, 'professional'),
(99, 'senior'),
(100, 'expert'),
(101, 'professional'),
(102, 'senior'),
(103, 'expert'),
(104, 'professional'),
(105, 'senior'),
(106, 'expert'),
(107, 'professional'),
(108, 'senior'),
(109, 'expert'),
(110, 'professional'),
(111, 'senior'),
(112, 'expert'),
(113, 'professional'),
(114, 'senior'),
(115, 'expert'),
(116, 'professional'),
(117, 'senior'),
(118, 'expert'),
(119, 'professional'),
(120, 'senior'),
(121, 'expert'),
(122, 'professional'),
(123, 'senior'),
(124, 'expert'),
(125, 'professional'),
(126, 'senior'),
(127, 'expert'),
(128, 'professional'),
(129, 'senior'),
(130, 'expert'),
(131, 'professional'),
(132, 'senior'),
(133, 'expert'),
(134, 'professional'),
(135, 'senior'),
(136, 'expert'),
(137, 'professional'),
(138, 'senior'),
(139, 'expert'),
(140, 'professional'),
(141, 'senior'),
(142, 'expert'),
(143, 'professional'),
(144, 'senior'),
(145, 'expert'),
(146, 'professional'),
(147, 'senior'),
(148, 'expert'),
(149, 'professional'),
(150, 'senior');

INSERT INTO guardian (person_id) VALUES
(1),
(2),
(3),
(4),
(5),
(6),
(7),
(8),
(9),
(10),
(11),
(12),
(13),
(14),
(15),
(16),
(17),
(18),
(19),
(20),
(21),
(22),
(23),
(24),
(25),
(26),
(27),
(28),
(29),
(30),
(31),
(32),
(33),
(34),
(35),
(36),
(37),
(38),
(39),
(40),
(41),
(42),
(43),
(44),
(45),
(46),
(47),
(48),
(49),
(50),
(51),
(52),
(53),
(54),
(55),
(56),
(57),
(58),
(59),
(60),
(61),
(62),
(63),
(64),
(65),
(66),
(67),
(68),
(69),
(70),
(71),
(72),
(73),
(74),
(75),
(76),
(77),
(78),
(79),
(80),
(81),
(82),
(83),
(84),
(85),
(86),
(87),
(88),
(89),
(90),
(91),
(92),
(93),
(94),
(95),
(96),
(97),
(98),
(99),
(100),
(101),
(102),
(103),
(104),
(105),
(106),
(107),
(108),
(109),
(110),
(111),
(112),
(113),
(114),
(115),
(116),
(117),
(118),
(119),
(120),
(121),
(122),
(123),
(124),
(125),
(126),
(127),
(128),
(129),
(130),
(131),
(132),
(133),
(134),
(135),
(136),
(137),
(138),
(139),
(140),
(141),
(142),
(143),
(144),
(145),
(146),
(147),
(148),
(149),
(150);


INSERT INTO enrollment (student_id, places_left) VALUES
(1, 10),
(2, 15),
(3, 8),
(4, 12),
(5, 5),
(6, 9),
(7, 7),
(8, 14),
(9, 6),
(10, 11),
(11, 8),
(12, 10),
(13, 13),
(14, 7),
(15, 9),
(16, 12),
(17, 5),
(18, 10),
(19, 15),
(20, 8),
(21, 11),
(22, 6),
(23, 14),
(24, 10),
(25, 13),
(26, 9),
(27, 5),
(28, 12),
(29, 8),
(30, 7),
(31, 15),
(32, 10),
(33, 11),
(34, 9),
(35, 14),
(36, 6),
(37, 12),
(38, 7),
(39, 10),
(40, 5),
(41, 13),
(42, 15),
(43, 8),
(44, 11),
(45, 9),
(46, 6),
(47, 14),
(48, 12),
(49, 10),
(50, 7),
(51, 13),
(52, 15),
(53, 5),
(54, 8),
(55, 10),
(56, 6),
(57, 9),
(58, 12),
(59, 14),
(60, 7),
(61, 11),
(62, 15),
(63, 9),
(64, 10),
(65, 6),
(66, 8),
(67, 12),
(68, 14),
(69, 5),
(70, 13),
(71, 10),
(72, 7),
(73, 9),
(74, 11),
(75, 15),
(76, 6),
(77, 12),
(78, 14),
(79, 8),
(80, 5),
(81, 9),
(82, 10),
(83, 7),
(84, 13),
(85, 15),
(86, 6),
(87, 11),
(88, 8),
(89, 12),
(90, 9),
(91, 14),
(92, 10),
(93, 5),
(94, 13),
(95, 7),
(96, 6),
(97, 8),
(98, 11),
(99, 10),
(100, 9),
(101, 15),
(102, 5),
(103, 12),
(104, 8),
(105, 13),
(106, 6),
(107, 10),
(108, 7),
(109, 14),
(110, 9),
(111, 12),
(112, 5),
(113, 8),
(114, 10),
(115, 7),
(116, 15),
(117, 11),
(118, 9),
(119, 14),
(120, 6),
(121, 13),
(122, 10),
(123, 8),
(124, 12),
(125, 5),
(126, 9),
(127, 11),
(128, 14),
(129, 6),
(130, 13),
(131, 8),
(132, 10),
(133, 7),
(134, 12),
(135, 9),
(136, 15),
(137, 6),
(138, 10),
(139, 8),
(140, 13),
(141, 5),
(142, 14),
(143, 11),
(144, 9),
(145, 7),
(146, 10),
(147, 12),
(148, 8),
(149, 6),
(150, 15);


INSERT INTO sibling (student_id, enrollment_id) VALUES
(1, 2),
(2, 3),
(3, 4),
(4, 5),
(5, 6),
(6, 7),
(7, 8),
(8, 9),
(9, 10),
(10, 11),
(11, 12),
(12, 13),
(13, 14),
(14, 15),
(15, 16),
(16, 17),
(17, 18),
(18, 19),
(19, 20),
(20, 21),
(21, 22),
(22, 23),
(23, 24),
(24, 25),
(25, 26),
(26, 27),
(27, 28),
(28, 29),
(29, 30),
(30, 31),
(31, 32),
(32, 33),
(33, 34),
(34, 35),
(35, 36),
(36, 37),
(37, 38),
(38, 39),
(39, 40),
(40, 41),
(41, 42),
(42, 43),
(43, 44),
(44, 45),
(45, 46),
(46, 47),
(47, 48),
(48, 49),
(49, 50),
(50, 51),
(51, 52),
(52, 53),
(53, 54),
(54, 55),
(55, 56),
(56, 57),
(57, 58),
(58, 59),
(59, 60),
(60, 61),
(61, 62),
(62, 63),
(63, 64),
(64, 65),
(65, 66),
(66, 67),
(67, 68),
(68, 69),
(69, 70),
(70, 71),
(71, 72),
(72, 73),
(73, 74),
(74, 75),
(75, 76),
(76, 77),
(77, 78),
(78, 79),
(79, 80),
(80, 81),
(81, 82),
(82, 83),
(83, 84),
(84, 85),
(85, 86),
(86, 87),
(87, 88),
(88, 89),
(89, 90),
(90, 91),
(91, 92),
(92, 93),
(93, 94),
(94, 95),
(95, 96),
(96, 97),
(97, 98),
(98, 99),
(99, 100),
(100, 101),
(101, 102),
(102, 103),
(103, 104),
(104, 105),
(105, 106),
(106, 107),
(107, 108),
(108, 109),
(109, 110),
(110, 111),
(111, 112),
(112, 113),
(113, 114),
(114, 115),
(115, 116),
(116, 117),
(117, 118),
(118, 119),
(119, 120),
(120, 121),
(121, 122),
(122, 123),
(123, 124),
(124, 125),
(125, 126),
(126, 127),
(127, 128),
(128, 129),
(129, 130),
(130, 131),
(131, 132),
(132, 133),
(133, 134),
(134, 135),
(135, 136),
(136, 137),
(137, 138),
(138, 139),
(139, 140),
(140, 141),
(141, 142),
(142, 143),
(143, 144),
(144, 145),
(145, 146),
(146, 147),
(147, 148),
(148, 149),
(149, 150),
(150, 1);

INSERT INTO schedule (instructor_id, appointment_slot) VALUES
(1, '08:00-09:00'),
(2, '09:00-10:00'),
(3, '10:00-11:00'),
(4, '11:00-12:00'),
(5, '12:00-13:00'),
(6, '13:00-14:00'),
(7, '14:00-15:00'),
(8, '15:00-16:00'),
(9, '16:00-17:00'),
(10, '17:00-18:00'),
(11, '08:00-09:00'),
(12, '09:00-10:00'),
(13, '10:00-11:00'),
(14, '11:00-12:00'),
(15, '12:00-13:00'),
(16, '13:00-14:00'),
(17, '14:00-15:00'),
(18, '15:00-16:00'),
(19, '16:00-17:00'),
(20, '17:00-18:00'),
(21, '08:00-09:00'),
(22, '09:00-10:00'),
(23, '10:00-11:00'),
(24, '11:00-12:00'),
(25, '12:00-13:00'),
(26, '13:00-14:00'),
(27, '14:00-15:00'),
(28, '15:00-16:00'),
(29, '16:00-17:00'),
(30, '17:00-18:00'),
(31, '08:00-09:00'),
(32, '09:00-10:00'),
(33, '10:00-11:00'),
(34, '11:00-12:00'),
(35, '12:00-13:00'),
(36, '13:00-14:00'),
(37, '14:00-15:00'),
(38, '15:00-16:00'),
(39, '16:00-17:00'),
(40, '17:00-18:00'),
(41, '08:00-09:00'),
(42, '09:00-10:00'),
(43, '10:00-11:00'),
(44, '11:00-12:00'),
(45, '12:00-13:00'),
(46, '13:00-14:00'),
(47, '14:00-15:00'),
(48, '15:00-16:00'),
(49, '16:00-17:00'),
(50, '17:00-18:00'),
(51, '08:00-09:00'),
(52, '09:00-10:00'),
(53, '10:00-11:00'),
(54, '11:00-12:00'),
(55, '12:00-13:00'),
(56, '13:00-14:00'),
(57, '14:00-15:00'),
(58, '15:00-16:00'),
(59, '16:00-17:00'),
(60, '17:00-18:00'),
(61, '08:00-09:00'),
(62, '09:00-10:00'),
(63, '10:00-11:00'),
(64, '11:00-12:00'),
(65, '12:00-13:00'),
(66, '13:00-14:00'),
(67, '14:00-15:00'),
(68, '15:00-16:00'),
(69, '16:00-17:00'),
(70, '17:00-18:00'),
(71, '08:00-09:00'),
(72, '09:00-10:00'),
(73, '10:00-11:00'),
(74, '11:00-12:00'),
(75, '12:00-13:00'),
(76, '13:00-14:00'),
(77, '14:00-15:00'),
(78, '15:00-16:00'),
(79, '16:00-17:00'),
(80, '17:00-18:00'),
(81, '08:00-09:00'),
(82, '09:00-10:00'),
(83, '10:00-11:00'),
(84, '11:00-12:00'),
(85, '12:00-13:00'),
(86, '13:00-14:00'),
(87, '14:00-15:00'),
(88, '15:00-16:00'),
(89, '16:00-17:00'),
(90, '17:00-18:00'),
(91, '08:00-09:00'),
(92, '09:00-10:00'),
(93, '10:00-11:00'),
(94, '11:00-12:00'),
(95, '12:00-13:00'),
(96, '13:00-14:00'),
(97, '14:00-15:00'),
(98, '15:00-16:00'),
(99, '16:00-17:00'),
(100, '17:00-18:00'),
(101, '08:00-09:00'),
(102, '09:00-10:00'),
(103, '10:00-11:00'),
(104, '11:00-12:00'),
(105, '12:00-13:00'),
(106, '13:00-14:00'),
(107, '14:00-15:00'),
(108, '15:00-16:00'),
(109, '16:00-17:00'),
(110, '17:00-18:00'),
(111, '08:00-09:00'),
(112, '09:00-10:00'),
(113, '10:00-11:00'),
(114, '11:00-12:00'),
(115, '12:00-13:00'),
(116, '13:00-14:00'),
(117, '14:00-15:00'),
(118, '15:00-16:00'),
(119, '16:00-17:00'),
(120, '17:00-18:00'),
(121, '08:00-09:00'),
(122, '09:00-10:00'),
(123, '10:00-11:00'),
(124, '11:00-12:00'),
(125, '12:00-13:00'),
(126, '13:00-14:00'),
(127, '14:00-15:00'),
(128, '15:00-16:00'),
(129, '16:00-17:00'),
(130, '17:00-18:00'),
(131, '08:00-09:00'),
(132, '09:00-10:00'),
(133, '10:00-11:00'),
(134, '11:00-12:00'),
(135, '12:00-13:00'),
(136, '13:00-14:00'),
(137, '14:00-15:00'),
(138, '15:00-16:00'),
(139, '16:00-17:00'),
(140, '17:00-18:00'),
(141, '08:00-09:00'),
(142, '09:00-10:00'),
(143, '10:00-11:00'),
(144, '11:00-12:00'),
(145, '12:00-13:00'),
(146, '13:00-14:00'),
(147, '14:00-15:00'),
(148, '15:00-16:00'),
(149, '16:00-17:00'),
(150, '17:00-18:00');

INSERT INTO lesson (instructor_id, level_name, type_name, booked_at) VALUES
(1, 'beginner', 'individual lesson', '2024-01-02'),
(2, 'intermediate', 'group lesson', '2024-01-06'),
(3, 'advanced', 'ensemble', '2024-01-08'),
(4, 'beginner', 'individual lesson', '2024-01-11'),
(5, 'intermediate', 'group lesson', '2024-01-15'),
(6, 'advanced', 'ensemble', '2024-01-19'),
(7, 'beginner', 'individual lesson', '2024-01-22'),
(8, 'intermediate', 'group lesson', '2024-01-24'),
(9, 'advanced', 'ensemble', '2024-01-28'),
(10, 'beginner', 'individual lesson', '2024-02-01'),
(11, 'intermediate', 'group lesson', '2024-02-03'),
(12, 'advanced', 'ensemble', '2024-02-06'),
(13, 'beginner', 'individual lesson', '2024-02-08'),
(14, 'intermediate', 'group lesson', '2024-02-10'),
(15, 'advanced', 'ensemble', '2024-02-13'),
(16, 'beginner', 'individual lesson', '2024-02-17'),
(17, 'intermediate', 'group lesson', '2024-02-20'),
(18, 'advanced', 'ensemble', '2024-02-24'),
(19, 'beginner', 'individual lesson', '2024-03-01'),
(20, 'intermediate', 'group lesson', '2024-03-05'),
(21, 'advanced', 'ensemble', '2024-03-08'),
(22, 'beginner', 'individual lesson', '2024-03-12'),
(23, 'intermediate', 'group lesson', '2024-03-15'),
(24, 'advanced', 'ensemble', '2024-03-19'),
(25, 'beginner', 'individual lesson', '2024-03-22'),
(26, 'intermediate', 'group lesson', '2024-03-25'),
(27, 'advanced', 'ensemble', '2024-03-29'),
(28, 'beginner', 'individual lesson', '2024-04-01'),
(29, 'intermediate', 'group lesson', '2024-04-03'),
(30, 'advanced', 'ensemble', '2024-04-06'),
(31, 'beginner', 'individual lesson', '2024-04-09'),
(32, 'intermediate', 'group lesson', '2024-04-12'),
(33, 'advanced', 'ensemble', '2024-04-15'),
(34, 'beginner', 'individual lesson', '2024-04-18'),
(35, 'intermediate', 'group lesson', '2024-04-20'),
(36, 'advanced', 'ensemble', '2024-04-23'),
(37, 'beginner', 'individual lesson', '2024-04-25'),
(38, 'intermediate', 'group lesson', '2024-04-27'),
(39, 'advanced', 'ensemble', '2024-04-30'),
(40, 'beginner', 'individual lesson', '2024-05-02'),
(41, 'intermediate', 'group lesson', '2024-05-05'),
(42, 'advanced', 'ensemble', '2024-05-08'),
(43, 'beginner', 'individual lesson', '2024-05-10'),
(44, 'intermediate', 'group lesson', '2024-05-13'),
(45, 'advanced', 'ensemble', '2024-05-16'),
(46, 'beginner', 'individual lesson', '2024-05-20'),
(47, 'intermediate', 'group lesson', '2024-05-22'),
(48, 'advanced', 'ensemble', '2024-05-25'),
(49, 'beginner', 'individual lesson', '2024-05-28'),
(50, 'intermediate', 'group lesson', '2024-06-01'),
(51, 'advanced', 'ensemble', '2024-06-04'),
(52, 'beginner', 'individual lesson', '2024-06-07'),
(53, 'intermediate', 'group lesson', '2024-06-10'),
(54, 'advanced', 'ensemble', '2024-06-12'),
(55, 'beginner', 'individual lesson', '2024-06-15'),
(56, 'intermediate', 'group lesson', '2024-06-18'),
(57, 'advanced', 'ensemble', '2024-06-20'),
(58, 'beginner', 'individual lesson', '2024-06-22'),
(59, 'intermediate', 'group lesson', '2024-06-25'),
(60, 'advanced', 'ensemble', '2024-06-28'),
(61, 'beginner', 'individual lesson', '2024-06-02'),
(62, 'intermediate', 'group lesson', '2024-06-05'),
(63, 'advanced', 'ensemble', '2024-06-08'),
(64, 'beginner', 'individual lesson', '2024-06-11'),
(65, 'intermediate', 'group lesson', '2024-06-13'),
(66, 'advanced', 'ensemble', '2024-06-16'),
(67, 'beginner', 'individual lesson', '2024-06-19'),
(68, 'intermediate', 'group lesson', '2024-06-21'),
(69, 'advanced', 'ensemble', '2024-06-24'),
(70, 'beginner', 'individual lesson', '2024-06-27'),
(71, 'intermediate', 'group lesson', '2024-06-29'),
(72, 'advanced', 'ensemble', '2024-01-04'),
(73, 'beginner', 'individual lesson', '2024-01-07'),
(74, 'intermediate', 'group lesson', '2024-01-10'),
(75, 'advanced', 'ensemble', '2024-01-13'),
(76, 'beginner', 'individual lesson', '2024-01-16'),
(77, 'intermediate', 'group lesson', '2024-01-19'),
(78, 'advanced', 'ensemble', '2024-01-22'),
(79, 'beginner', 'individual lesson', '2024-01-25'),
(80, 'intermediate', 'group lesson', '2024-01-28'),
(81, 'advanced', 'ensemble', '2024-02-02'),
(82, 'beginner', 'individual lesson', '2024-02-05'),
(83, 'intermediate', 'group lesson', '2024-02-08'),
(84, 'advanced', 'ensemble', '2024-02-11'),
(85, 'beginner', 'individual lesson', '2024-02-14'),
(86, 'intermediate', 'group lesson', '2024-02-17'),
(87, 'advanced', 'ensemble', '2024-02-20'),
(88, 'beginner', 'individual lesson', '2024-02-23'),
(89, 'intermediate', 'group lesson', '2024-02-26'),
(90, 'advanced', 'ensemble', '2024-03-01'),
(91, 'beginner', 'individual lesson', '2024-03-04'),
(92, 'intermediate', 'group lesson', '2024-03-07'),
(93, 'advanced', 'ensemble', '2024-03-10'),
(94, 'beginner', 'individual lesson', '2024-03-13'),
(95, 'intermediate', 'group lesson', '2024-03-16'),
(96, 'advanced', 'ensemble', '2024-03-19'),
(97, 'beginner', 'individual lesson', '2024-03-22'),
(98, 'intermediate', 'group lesson', '2024-03-25'),
(99, 'advanced', 'ensemble', '2024-03-28'),
(100, 'beginner', 'individual lesson', '2024-04-01'),
(101, 'intermediate', 'group lesson', '2024-04-04'),
(102, 'advanced', 'ensemble', '2024-04-07'),
(103, 'beginner', 'individual lesson', '2024-04-10'),
(104, 'intermediate', 'group lesson', '2024-04-13'),
(105, 'advanced', 'ensemble', '2024-04-16'),
(106, 'beginner', 'individual lesson', '2024-04-19'),
(107, 'intermediate', 'group lesson', '2024-04-22'),
(108, 'advanced', 'ensemble', '2024-04-25'),
(109, 'beginner', 'individual lesson', '2024-04-28'),
(110, 'intermediate', 'group lesson', '2024-04-30'),
(111, 'advanced', 'ensemble', '2024-05-02'),
(112, 'beginner', 'individual lesson', '2024-05-05'),
(113, 'intermediate', 'group lesson', '2024-05-08'),
(114, 'advanced', 'ensemble', '2024-05-11'),
(115, 'beginner', 'individual lesson', '2024-05-14'),
(116, 'intermediate', 'group lesson', '2024-05-17'),
(117, 'advanced', 'ensemble', '2024-05-20'),
(118, 'beginner', 'individual lesson', '2024-05-23'),
(119, 'intermediate', 'group lesson', '2024-05-26'),
(120, 'advanced', 'ensemble', '2024-05-29'),
(121, 'beginner', 'individual lesson', '2024-06-01'),
(122, 'intermediate', 'group lesson', '2024-06-04'),
(123, 'advanced', 'ensemble', '2024-06-07'),
(124, 'beginner', 'individual lesson', '2024-06-10'),
(125, 'intermediate', 'group lesson', '2024-06-13'),
(126, 'advanced', 'ensemble', '2024-06-16'),
(127, 'beginner', 'individual lesson', '2024-06-19'),
(128, 'intermediate', 'group lesson', '2024-06-22'),
(129, 'advanced', 'ensemble', '2024-06-25'),
(130, 'beginner', 'individual lesson', '2024-06-28'),
(131, 'intermediate', 'group lesson', '2024-06-30'),
(132, 'advanced', 'ensemble', '2024-01-05'),
(133, 'beginner', 'individual lesson', '2024-01-09'),
(134, 'intermediate', 'group lesson', '2024-01-12'),
(135, 'advanced', 'ensemble', '2024-01-15'),
(136, 'beginner', 'individual lesson', '2024-01-18'),
(137, 'intermediate', 'group lesson', '2024-01-21'),
(138, 'advanced', 'ensemble', '2024-01-24'),
(139, 'beginner', 'individual lesson', '2024-01-27'),
(140, 'intermediate', 'group lesson', '2024-01-30'),
(141, 'advanced', 'ensemble', '2024-02-02'),
(142, 'beginner', 'individual lesson', '2024-02-05'),
(143, 'intermediate', 'group lesson', '2024-02-08'),
(144, 'advanced', 'ensemble', '2024-02-11'),
(145, 'beginner', 'individual lesson', '2024-02-14'),
(146, 'intermediate', 'group lesson', '2024-02-17'),
(147, 'advanced', 'ensemble', '2024-02-20'),
(148, 'beginner', 'individual lesson', '2024-02-23'),
(149, 'intermediate', 'group lesson', '2024-02-26'),
(150, 'advanced', 'ensemble', '2024-03-01');



-- Insert into individual_lessons (lesson_id, student_id, instrument_type)
INSERT INTO individual_lessons (lesson_id, student_id, instrument_type) VALUES
(1, 1, 'Piano'),
(2, 2, 'Guitar'),
(3, 3, 'Violin'),
(4, 4, 'Cello'),
(5, 5, 'Flute'),
(6, 6, 'Drums'),
(7, 7, 'Saxophone'),
(8, 8, 'Clarinet'),
(9, 9, 'Trumpet'),
(10, 10, 'Trombone'),
(11, 11, 'Piano'),
(12, 12, 'Guitar'),
(13, 13, 'Violin'),
(14, 14, 'Cello'),
(15, 15, 'Flute'),
(16, 16, 'Drums'),
(17, 17, 'Saxophone'),
(18, 18, 'Clarinet'),
(19, 19, 'Trumpet'),
(20, 20, 'Trombone'),
(21, 21, 'Piano'),
(22, 22, 'Guitar'),
(23, 23, 'Violin'),
(24, 24, 'Cello'),
(25, 25, 'Flute'),
(26, 26, 'Drums'),
(27, 27, 'Saxophone'),
(28, 28, 'Clarinet'),
(29, 29, 'Trumpet'),
(30, 30, 'Trombone');

-- Insert into group_lessons (lesson_id, instrument_type, min_students, max_students)
INSERT INTO group_lessons (lesson_id, instrument_type, min_students, max_students) VALUES
(1, 'Guitar', 3, 6),
(2, 'Piano', 2, 5),
(3, 'Violin', 4, 8),
(4, 'Cello', 3, 6),
(5, 'Flute', 4, 7),
(6, 'Drums', 5, 10),
(7, 'Saxophone', 3, 5),
(8, 'Clarinet', 4, 6),
(9, 'Trumpet', 3, 6),
(10, 'Trombone', 2, 5),
(11, 'Guitar', 3, 6),
(12, 'Piano', 2, 5),
(13, 'Violin', 4, 8),
(14, 'Cello', 3, 6),
(15, 'Flute', 4, 7),
(16, 'Drums', 5, 10),
(17, 'Saxophone', 3, 5),
(18, 'Clarinet', 4, 6),
(19, 'Trumpet', 3, 6),
(20, 'Trombone', 2, 5),
(21, 'Guitar', 3, 6),
(22, 'Piano', 2, 5),
(23, 'Violin', 4, 8),
(24, 'Cello', 3, 6),
(25, 'Flute', 4, 7),
(26, 'Drums', 5, 10),
(27, 'Saxophone', 3, 5),
(28, 'Clarinet', 4, 6),
(29, 'Trumpet', 3, 6),
(30, 'Trombone', 2, 5);

-- Insert into ensembles (lesson_id, genre, instrument_type, min_students, max_students)
INSERT INTO ensembles (lesson_id, genre, instrument_type, min_students, max_students) VALUES
(1, 'Classical', 'Piano', 3, 6),
(2, 'Jazz', 'Saxophone', 4, 8),
(3, 'Orchestra', 'Violin', 5, 10),
(4, 'Rock', 'Guitar', 2, 6),
(5, 'Folk', 'Flute', 3, 6),
(6, 'Big Band', 'Drums', 5, 10),
(7, 'Blues', 'Guitar', 3, 5),
(8, 'Pop', 'Clarinet', 4, 7),
(9, 'Jazz', 'Trumpet', 3, 6),
(10, 'Marching Band', 'Trombone', 4, 8),
(11, 'Classical', 'Piano', 3, 6),
(12, 'Jazz', 'Saxophone', 4, 8),
(13, 'Orchestra', 'Violin', 5, 10),
(14, 'Rock', 'Guitar', 2, 6),
(15, 'Folk', 'Flute', 3, 6),
(16, 'Big Band', 'Drums', 5, 10),
(17, 'Blues', 'Guitar', 3, 5),
(18, 'Pop', 'Clarinet', 4, 7),
(19, 'Jazz', 'Trumpet', 3, 6),
(20, 'Marching Band', 'Trombone', 4, 8),
(21, 'Classical', 'Piano', 3, 6),
(22, 'Jazz', 'Saxophone', 4, 8),
(23, 'Orchestra', 'Violin', 5, 10),
(24, 'Rock', 'Guitar', 2, 6),
(25, 'Folk', 'Flute', 3, 6),
(26, 'Big Band', 'Drums', 5, 10),
(27, 'Blues', 'Guitar', 3, 5),
(28, 'Pop', 'Clarinet', 4, 7),
(29, 'Jazz', 'Trumpet', 3, 6),
(30, 'Marching Band', 'Trombone', 4, 8);



-- Insert into pricing_scheme_history (lesson_id, price, valid_from, valid_to)
INSERT INTO pricing_scheme_history (lesson_id, price, valid_from, valid_to) VALUES
(1, 50, '2024-01-01', '2024-03-31'),
(2, 55, '2024-01-01', '2024-03-31'),
(3, 60, '2024-01-01', '2024-03-31'),
(4, 45, '2024-01-01', '2024-03-31'),
(5, 40, '2024-01-01', '2024-03-31'),
(6, 70, '2024-01-01', '2024-03-31'),
(7, 65, '2024-01-01', '2024-03-31'),
(8, 50, '2024-01-01', '2024-03-31'),
(9, 55, '2024-01-01', '2024-03-31'),
(10, 60, '2024-01-01', '2024-03-31'),
(11, 50, '2024-04-01', '2024-06-30'),
(12, 55, '2024-04-01', '2024-06-30'),
(13, 60, '2024-04-01', '2024-06-30'),
(14, 45, '2024-04-01', '2024-06-30'),
(15, 40, '2024-04-01', '2024-06-30'),
(16, 70, '2024-04-01', '2024-06-30'),
(17, 65, '2024-04-01', '2024-06-30'),
(18, 50, '2024-04-01', '2024-06-30'),
(19, 55, '2024-04-01', '2024-06-30'),
(20, 60, '2024-04-01', '2024-06-30'),
(21, 50, '2024-07-01', '2024-09-30'),
(22, 55, '2024-07-01', '2024-09-30'),
(23, 60, '2024-07-01', '2024-09-30'),
(24, 45, '2024-07-01', '2024-09-30'),
(25, 40, '2024-07-01', '2024-09-30'),
(26, 70, '2024-07-01', '2024-09-30'),
(27, 65, '2024-07-01', '2024-09-30'),
(28, 50, '2024-07-01', '2024-09-30'),
(29, 55, '2024-07-01', '2024-09-30'),
(30, 60, '2024-07-01', '2024-09-30'),
(31, 50, '2024-10-01', '2024-12-31'),
(32, 55, '2024-10-01', '2024-12-31'),
(33, 60, '2024-10-01', '2024-12-31'),
(34, 45, '2024-10-01', '2024-12-31'),
(35, 40, '2024-10-01', '2024-12-31'),
(36, 70, '2024-10-01', '2024-12-31'),
(37, 65, '2024-10-01', '2024-12-31'),
(38, 50, '2024-10-01', '2024-12-31'),
(39, 55, '2024-10-01', '2024-12-31'),
(40, 60, '2024-10-01', '2024-12-31'),
(41, 52, '2024-01-01', '2024-03-31'),
(42, 57, '2024-01-01', '2024-03-31'),
(43, 62, '2024-01-01', '2024-03-31'),
(44, 48, '2024-01-01', '2024-03-31'),
(45, 42, '2024-01-01', '2024-03-31'),
(46, 72, '2024-01-01', '2024-03-31'),
(47, 68, '2024-01-01', '2024-03-31'),
(48, 52, '2024-01-01', '2024-03-31'),
(49, 57, '2024-01-01', '2024-03-31'),
(50, 62, '2024-01-01', '2024-03-31'),
(51, 52, '2024-04-01', '2024-06-30'),
(52, 57, '2024-04-01', '2024-06-30'),
(53, 62, '2024-04-01', '2024-06-30'),
(54, 48, '2024-04-01', '2024-06-30'),
(55, 42, '2024-04-01', '2024-06-30'),
(56, 72, '2024-04-01', '2024-06-30'),
(57, 68, '2024-04-01', '2024-06-30'),
(58, 52, '2024-04-01', '2024-06-30'),
(59, 57, '2024-04-01', '2024-06-30'),
(60, 62, '2024-04-01', '2024-06-30'),
(61, 52, '2024-07-01', '2024-09-30'),
(62, 57, '2024-07-01', '2024-09-30'),
(63, 62, '2024-07-01', '2024-09-30'),
(64, 48, '2024-07-01', '2024-09-30'),
(65, 42, '2024-07-01', '2024-09-30'),
(66, 72, '2024-07-01', '2024-09-30'),
(67, 68, '2024-07-01', '2024-09-30'),
(68, 52, '2024-07-01', '2024-09-30'),
(69, 57, '2024-07-01', '2024-09-30'),
(70, 62, '2024-07-01', '2024-09-30'),
(71, 52, '2024-10-01', '2024-12-31'),
(72, 57, '2024-10-01', '2024-12-31'),
(73, 62, '2024-10-01', '2024-12-31'),
(74, 48, '2024-10-01', '2024-12-31'),
(75, 42, '2024-10-01', '2024-12-31'),
(76, 72, '2024-10-01', '2024-12-31'),
(77, 68, '2024-10-01', '2024-12-31'),
(78, 52, '2024-10-01', '2024-12-31'),
(79, 57, '2024-10-01', '2024-12-31'),
(80, 62, '2024-10-01', '2024-12-31'),
(81, 55, '2024-01-01', '2024-03-31'),
(82, 50, '2024-01-01', '2024-03-31'),
(83, 60, '2024-01-01', '2024-03-31'),
(84, 45, '2024-01-01', '2024-03-31'),
(85, 55, '2024-04-01', '2024-06-30'),
(86, 50, '2024-04-01', '2024-06-30'),
(87, 60, '2024-04-01', '2024-06-30'),
(88, 45, '2024-04-01', '2024-06-30'),
(89, 55, '2024-07-01', '2024-09-30'),
(90, 50, '2024-07-01', '2024-09-30'),
(91, 60, '2024-07-01', '2024-09-30'),
(92, 45, '2024-07-01', '2024-09-30'),
(93, 55, '2024-10-01', '2024-12-31'),
(94, 50, '2024-10-01', '2024-12-31'),
(95, 60, '2024-10-01', '2024-12-31'),
(96, 45, '2024-10-01', '2024-12-31'),
(97, 65, '2024-01-01', '2024-03-31'),
(98, 70, '2024-01-01', '2024-03-31'),
(99, 75, '2024-01-01', '2024-03-31'),
(100, 80, '2024-01-01', '2024-03-31'),
(101, 65, '2024-04-01', '2024-06-30'),
(102, 70, '2024-04-01', '2024-06-30'),
(103, 75, '2024-04-01', '2024-06-30'),
(104, 80, '2024-04-01', '2024-06-30'),
(105, 65, '2024-07-01', '2024-09-30'),
(106, 70, '2024-07-01', '2024-09-30'),
(107, 75, '2024-07-01', '2024-09-30'),
(108, 80, '2024-07-01', '2024-09-30'),
(109, 65, '2024-10-01', '2024-12-31'),
(110, 70, '2024-10-01', '2024-12-31'),
(111, 75, '2024-10-01', '2024-12-31'),
(112, 80, '2024-10-01', '2024-12-31'),
(113, 60, '2024-01-01', '2024-03-31'),
(114, 65, '2024-01-01', '2024-03-31'),
(115, 70, '2024-01-01', '2024-03-31'),
(116, 75, '2024-01-01', '2024-03-31'),
(117, 60, '2024-04-01', '2024-06-30'),
(118, 65, '2024-04-01', '2024-06-30'),
(119, 70, '2024-04-01', '2024-06-30'),
(120, 75, '2024-04-01', '2024-06-30'),
(121, 60, '2024-07-01', '2024-09-30'),
(122, 65, '2024-07-01', '2024-09-30'),
(123, 70, '2024-07-01', '2024-09-30'),
(124, 75, '2024-07-01', '2024-09-30'),
(125, 60, '2024-10-01', '2024-12-31'),
(126, 65, '2024-10-01', '2024-12-31'),
(127, 70, '2024-10-01', '2024-12-31'),
(128, 75, '2024-10-01', '2024-12-31'),
(129, 45, '2024-01-01', '2024-03-31'),
(130, 50, '2024-01-01', '2024-03-31'),
(131, 55, '2024-01-01', '2024-03-31'),
(132, 60, '2024-01-01', '2024-03-31'),
(133, 45, '2024-04-01', '2024-06-30'),
(134, 50, '2024-04-01', '2024-06-30'),
(135, 55, '2024-04-01', '2024-06-30'),
(136, 60, '2024-04-01', '2024-06-30'),
(137, 45, '2024-07-01', '2024-09-30'),
(138, 50, '2024-07-01', '2024-09-30'),
(139, 55, '2024-07-01', '2024-09-30'),
(140, 60, '2024-07-01', '2024-09-30'),
(141, 45, '2024-10-01', '2024-12-31'),
(142, 50, '2024-10-01', '2024-12-31'),
(143, 55, '2024-10-01', '2024-12-31'),
(144, 60, '2024-10-01', '2024-12-31'),
(145, 60, '2024-01-01', '2024-03-31'),
(146, 65, '2024-01-01', '2024-03-31'),
(147, 70, '2024-01-01', '2024-03-31'),
(148, 75, '2024-01-01', '2024-03-31'),
(149, 60, '2024-04-01', '2024-06-30'),
(150, 65, '2024-04-01', '2024-06-30');

INSERT INTO student_payment (student_id, pricing_scheme_history_id, rental_id, sibling_discount, month, month_fee) VALUES
(1, 101, 1, 0.05, '2024-01', 150),
(2, 102, 2, 0.10, '2024-01', 180),
(3, 103, 3, 0.00, '2024-01', 200),
(4, 104, 4, 0.15, '2024-01', 140),
(5, 105, 5, 0.00, '2024-01', 160),
(6, 106, 6, 0.05, '2024-02', 170),
(7, 107, 7, 0.10, '2024-02', 180),
(8, 108, 8, 0.00, '2024-02', 190),
(9, 109, 9, 0.20, '2024-02', 160),
(10, 110, 10, 0.10, '2024-02', 170),
(11, 111, 11, 0.00, '2024-03', 200),
(12, 112, 12, 0.05, '2024-03', 160),
(13, 113, 13, 0.15, '2024-03', 180),
(14, 114, 14, 0.10, '2024-03', 170),
(15, 115, 15, 0.00, '2024-03', 190),
(16, 116, 16, 0.05, '2024-04', 150),
(17, 117, 17, 0.10, '2024-04', 160),
(18, 118, 18, 0.00, '2024-04', 180),
(19, 119, 19, 0.20, '2024-04', 170),
(20, 120, 20, 0.10, '2024-04', 150),
(21, 121, 21, 0.00, '2024-05', 200),
(22, 122, 22, 0.05, '2024-05', 160),
(23, 123, 23, 0.15, '2024-05', 180),
(24, 124, 24, 0.10, '2024-05', 170),
(25, 125, 25, 0.00, '2024-05', 190),
(26, 126, 26, 0.05, '2024-06', 160),
(27, 127, 27, 0.10, '2024-06', 170),
(28, 128, 28, 0.00, '2024-06', 180),
(29, 129, 29, 0.20, '2024-06', 150),
(30, 130, 30, 0.10, '2024-06', 160),
(31, 131, 31, 0.00, '2024-07', 200),
(32, 132, 32, 0.05, '2024-07', 160),
(33, 133, 33, 0.15, '2024-07', 180),
(34, 134, 34, 0.10, '2024-07', 170),
(35, 135, 35, 0.00, '2024-07', 190),
(36, 136, 36, 0.05, '2024-08', 150),
(37, 137, 37, 0.10, '2024-08', 160),
(38, 138, 38, 0.00, '2024-08', 180),
(39, 139, 39, 0.20, '2024-08', 170),
(40, 140, 40, 0.10, '2024-08', 160),
(41, 141, 41, 0.00, '2024-09', 200),
(42, 142, 42, 0.05, '2024-09', 160),
(43, 143, 43, 0.15, '2024-09', 180),
(44, 144, 44, 0.10, '2024-09', 170),
(45, 145, 45, 0.00, '2024-09', 190),
(46, 146, 46, 0.05, '2024-10', 150),
(47, 147, 47, 0.10, '2024-10', 160),
(48, 148, 48, 0.00, '2024-10', 180),
(49, 149, 49, 0.20, '2024-10', 170),
(50, 150, 50, 0.10, '2024-10', 160),
(51, 151, 51, 0.05, '2024-11', 180),
(52, 152, 52, 0.10, '2024-11', 150),
(53, 153, 53, 0.00, '2024-11', 190),
(54, 154, 54, 0.20, '2024-11', 160),
(55, 155, 55, 0.10, '2024-11', 170),
(56, 156, 56, 0.05, '2024-12', 150),
(57, 157, 57, 0.10, '2024-12', 160),
(58, 158, 58, 0.00, '2024-12', 180),
(59, 159, 59, 0.15, '2024-12', 170),
(60, 160, 60, 0.00, '2024-12', 190),
(61, 161, 61, 0.05, '2024-01', 170),
(62, 162, 62, 0.10, '2024-01', 180),
(63, 163, 63, 0.00, '2024-01', 190),
(64, 164, 64, 0.05, '2024-02', 160),
(65, 165, 65, 0.00, '2024-02', 180),
(66, 166, 66, 0.10, '2024-02', 170),
(67, 167, 67, 0.00, '2024-03', 200),
(68, 168, 68, 0.15, '2024-03', 150),
(69, 169, 69, 0.10, '2024-03', 160),
(70, 170, 70, 0.05, '2024-03', 180),
(71, 171, 71, 0.20, '2024-04', 170),
(72, 172, 72, 0.00, '2024-04', 160),
(73, 173, 73, 0.05, '2024-04', 150),
(74, 174, 74, 0.10, '2024-04', 180),
(75, 175, 75, 0.20, '2024-05', 170),
(76, 176, 76, 0.00, '2024-05', 160),
(77, 177, 77, 0.05, '2024-05', 180),
(78, 178, 78, 0.10, '2024-05', 170),
(79, 179, 79, 0.00, '2024-06', 190),
(80, 180, 80, 0.15, '2024-06', 160),
(81, 181, 81, 0.20, '2024-06', 150),
(82, 182, 82, 0.10, '2024-07', 170),
(83, 183, 83, 0.05, '2024-07', 160),
(84, 184, 84, 0.00, '2024-07', 180),
(85, 185, 85, 0.10, '2024-08', 150),
(86, 186, 86, 0.05, '2024-08', 160),
(87, 187, 87, 0.00, '2024-08', 170),
(88, 188, 88, 0.10, '2024-09', 180),
(89, 189, 89, 0.15, '2024-09', 150),
(90, 190, 90, 0.10, '2024-09', 160),
(91, 191, 91, 0.00, '2024-09', 170),
(92, 192, 92, 0.05, '2024-10', 180),
(93, 193, 93, 0.10, '2024-10', 150),
(94, 194, 94, 0.00, '2024-10', 170),
(95, 195, 95, 0.05, '2024-11', 160),
(96, 196, 96, 0.20, '2024-11', 150),
(97, 197, 97, 0.10, '2024-11', 170),
(98, 198, 98, 0.00, '2024-11', 180),
(99, 199, 99, 0.15, '2024-12', 160),
(100, 200, 100, 0.05, '2024-12', 150),
(101, 201, 101, 0.00, '2024-12', 170),
(102, 202, 102, 0.10, '2024-01', 180),
(103, 203, 103, 0.05, '2024-01', 160),
(104, 204, 104, 0.15, '2024-01', 170),
(105, 205, 105, 0.00, '2024-02', 180),
(106, 206, 106, 0.10, '2024-02', 150),
(107, 207, 107, 0.05, '2024-02', 160),
(108, 208, 108, 0.00, '2024-03', 170),
(109, 209, 109, 0.10, '2024-03', 150),
(110, 210, 110, 0.00, '2024-03', 180),
(111, 211, 111, 0.05, '2024-03', 160),
(112, 212, 112, 0.10, '2024-04', 170),
(113, 213, 113, 0.00, '2024-04', 180),
(114, 214, 114, 0.05, '2024-04', 160),
(115, 215, 115, 0.10, '2024-04', 150),
(116, 216, 116, 0.00, '2024-05', 170),
(117, 217, 117, 0.10, '2024-05', 160),
(118, 218, 118, 0.05, '2024-05', 150),
(119, 219, 119, 0.00, '2024-06', 170),
(120, 220, 120, 0.10, '2024-06', 160),
(121, 221, 121, 0.05, '2024-06', 180),
(122, 222, 122, 0.10, '2024-07', 170),
(123, 223, 123, 0.05, '2024-07', 160),
(124, 224, 124, 0.00, '2024-07', 180),
(125, 225, 125, 0.10, '2024-08', 150),
(126, 226, 126, 0.05, '2024-08', 170),
(127, 227, 127, 0.00, '2024-08', 160),
(128, 228, 128, 0.10, '2024-09', 180),
(129, 229, 129, 0.15, '2024-09', 150),
(130, 230, 130, 0.10, '2024-09', 160),
(131, 231, 131, 0.05, '2024-10', 170),
(132, 232, 132, 0.20, '2024-10', 150),
(133, 233, 133, 0.10, '2024-10', 160),
(134, 234, 134, 0.05, '2024-11', 170),
(135, 235, 135, 0.10, '2024-11', 150),
(136, 236, 136, 0.00, '2024-11', 180),
(137, 237, 137, 0.05, '2024-11', 160),
(138, 238, 138, 0.10, '2024-12', 170),
(139, 239, 139, 0.00, '2024-12', 180),
(140, 240, 140, 0.05, '2024-12', 160),
(141, 241, 141, 0.10, '2024-12', 150),
(142, 242, 142, 0.00, '2024-12', 170),
(143, 243, 143, 0.10, '2024-12', 160),
(144, 244, 144, 0.05, '2024-12', 150),
(145, 245, 145, 0.00, '2024-12', 180),
(146, 246, 146, 0.10, '2024-12', 160),
(147, 247, 147, 0.05, '2024-12', 150),
(148, 248, 148, 0.00, '2024-12', 170),
(149, 249, 149, 0.10, '2024-12', 160),
(150, 250, 150, 0.05, '2024-12', 180);


INSERT INTO instructor_payment (instructor_id, pricing_scheme_history_id, schedule_id, month, month_fee) VALUES
(1, 101, 1, '2024-01', 150),
(2, 102, 2, '2024-01', 180),
(3, 103, 3, '2024-01', 200),
(4, 104, 4, '2024-01', 140),
(5, 105, 5, '2024-01', 160),
(6, 106, 6, '2024-02', 170),
(7, 107, 7, '2024-02', 180),
(8, 108, 8, '2024-02', 190),
(9, 109, 9, '2024-02', 160),
(10, 110, 10, '2024-02', 170),
(11, 111, 11, '2024-03', 200),
(12, 112, 12, '2024-03', 160),
(13, 113, 13, '2024-03', 180),
(14, 114, 14, '2024-03', 170),
(15, 115, 15, '2024-03', 190),
(16, 116, 16, '2024-04', 150),
(17, 117, 17, '2024-04', 160),
(18, 118, 18, '2024-04', 180),
(19, 119, 19, '2024-04', 170),
(20, 120, 20, '2024-04', 150),
(21, 121, 21, '2024-05', 200),
(22, 122, 22, '2024-05', 160),
(23, 123, 23, '2024-05', 180),
(24, 124, 24, '2024-05', 170),
(25, 125, 25, '2024-05', 190),
(26, 126, 26, '2024-06', 160),
(27, 127, 27, '2024-06', 170),
(28, 128, 28, '2024-06', 180),
(29, 129, 29, '2024-06', 150),
(30, 130, 30, '2024-06', 160),
(31, 131, 31, '2024-07', 200),
(32, 132, 32, '2024-07', 160),
(33, 133, 33, '2024-07', 180),
(34, 134, 34, '2024-07', 170),
(35, 135, 35, '2024-07', 190),
(36, 136, 36, '2024-08', 150),
(37, 137, 37, '2024-08', 160),
(38, 138, 38, '2024-08', 180),
(39, 139, 39, '2024-08', 170),
(40, 140, 40, '2024-08', 160),
(41, 141, 41, '2024-09', 200),
(42, 142, 42, '2024-09', 160),
(43, 143, 43, '2024-09', 180),
(44, 144, 44, '2024-09', 170),
(45, 145, 45, '2024-09', 190),
(46, 146, 46, '2024-10', 150),
(47, 147, 47, '2024-10', 160),
(48, 148, 48, '2024-10', 180),
(49, 149, 49, '2024-10', 170),
(50, 150, 50, '2024-10', 160),
(51, 151, 51, '2024-11', 180),
(52, 152, 52, '2024-11', 150),
(53, 153, 53, '2024-11', 190),
(54, 154, 54, '2024-11', 160),
(55, 155, 55, '2024-11', 170),
(56, 156, 56, '2024-12', 150),
(57, 157, 57, '2024-12', 160),
(58, 158, 58, '2024-12', 180),
(59, 159, 59, '2024-12', 170),
(60, 160, 60, '2024-12', 190),
(61, 161, 61, '2024-01', 170),
(62, 162, 62, '2024-01', 180),
(63, 163, 63, '2024-01', 190),
(64, 164, 64, '2024-02', 160),
(65, 165, 65, '2024-02', 180),
(66, 166, 66, '2024-02', 170),
(67, 167, 67, '2024-03', 200),
(68, 168, 68, '2024-03', 150),
(69, 169, 69, '2024-03', 160),
(70, 170, 70, '2024-03', 180),
(71, 171, 71, '2024-04', 170),
(72, 172, 72, '2024-04', 160),
(73, 173, 73, '2024-04', 150),
(74, 174, 74, '2024-04', 180),
(75, 175, 75, '2024-05', 170),
(76, 176, 76, '2024-05', 160),
(77, 177, 77, '2024-05', 180),
(78, 178, 78, '2024-05', 170),
(79, 179, 79, '2024-06', 190),
(80, 180, 80, '2024-06', 160),
(81, 181, 81, '2024-06', 150),
(82, 182, 82, '2024-07', 170),
(83, 183, 83, '2024-07', 160),
(84, 184, 84, '2024-07', 180),
(85, 185, 85, '2024-08', 150),
(86, 186, 86, '2024-08', 160),
(87, 187, 87, '2024-08', 170),
(88, 188, 88, '2024-09', 180),
(89, 189, 89, '2024-09', 150),
(90, 190, 90, '2024-09', 160),
(91, 191, 91, '2024-09', 170),
(92, 192, 92, '2024-10', 180),
(93, 193, 93, '2024-10', 150),
(94, 194, 94, '2024-10', 170),
(95, 195, 95, '2024-11', 160),
(96, 196, 96, '2024-11', 200),
(97, 197, 97, '2024-11', 170),
(98, 198, 98, '2024-11', 180),
(99, 199, 99, '2024-12', 160),
(100, 200, 100, '2024-12', 150),
(101, 201, 101, '2024-12', 170),
(102, 202, 102, '2024-01', 180),
(103, 203, 103, '2024-01', 160),
(104, 204, 104, '2024-01', 170),
(105, 205, 105, '2024-02', 180),
(106, 206, 106, '2024-02', 150),
(107, 207, 107, '2024-02', 160),
(108, 208, 108, '2024-03', 170),
(109, 209, 109, '2024-03', 150),
(110, 210, 110, '2024-03', 180),
(111, 211, 111, '2024-03', 160),
(112, 212, 112, '2024-04', 170),
(113, 213, 113, '2024-04', 150),
(114, 214, 114, '2024-04', 160),
(115, 215, 115, '2024-04', 180),
(116, 216, 116, '2024-05', 170),
(117, 217, 117, '2024-05', 160),
(118, 218, 118, '2024-05', 150),
(119, 219, 119, '2024-06', 170),
(120, 220, 120, '2024-06', 160),
(121, 221, 121, '2024-06', 180),
(122, 222, 122, '2024-07', 170),
(123, 223, 123, '2024-07', 160),
(124, 224, 124, '2024-07', 180),
(125, 225, 125, '2024-08', 150),
(126, 226, 126, '2024-08', 160),
(127, 227, 127, '2024-08', 170),
(128, 228, 128, '2024-09', 180),
(129, 229, 129, '2024-09', 150),
(130, 230, 130, '2024-09', 160),
(131, 231, 131, '2024-10', 170),
(132, 232, 132, '2024-10', 150),
(133, 233, 133, '2024-10', 160),
(134, 234, 134, '2024-11', 170),
(135, 235, 135, '2024-11', 150),
(136, 236, 136, '2024-11', 180),
(137, 237, 137, '2024-11', 160),
(138, 238, 138, '2024-12', 170),
(139, 239, 139, '2024-12', 160),
(140, 240, 140, '2024-12', 150);

-- Insert into rent_eligibility (rent_eligibility_id, student_id)
INSERT INTO rent_eligibility (student_id) VALUES
(1),
(2),
(3),
(4),
(5),
(6),
(7),
(8),
(9),
(10),
(11),
(12),
(13),
(14),
(15),
(16),
(17),
(18),
(19),
(20),
(21),
(22),
(23),
(24),
(25),
(26),
(27),
(28),
(29),
(30),
(31),
(32),
(33),
(34),
(35),
(36),
(37),
(38),
(39),
(40),
(41),
(42),
(43),
(44),
(45),
(46),
(47),
(48),
(49),
(50),
(51),
(52),
(53),
(54),
(55),
(56),
(57),
(58),
(59),
(60),
(61),
(62),
(63),
(64),
(65),
(66),
(67),
(68),
(69),
(70),
(71),
(72),
(73),
(74),
(75),
(76),
(77),
(78),
(79),
(80),
(81),
(82),
(83),
(84),
(85),
(86),
(87),
(88),
(89),
(90),
(91),
(92),
(93),
(94),
(95),
(96),
(97),
(98),
(99),
(100),
(101),
(102),
(103),
(104),
(105),
(106),
(107),
(108),
(109),
(110),
(111),
(112),
(113),
(114),
(115),
(116),
(117),
(118),
(119),
(120),
(121),
(122),
(123),
(124),
(125),
(126),
(127),
(128),
(129),
(130),
(131),
(132),
(133),
(134),
(135),
(136),
(137),
(138),
(139),
(140),
(141),
(142),
(143),
(144),
(145),
(146),
(147),
(148),
(149),
(150);

-- Insert into renting_instruments (student_id, rental_eligibility_id, start_rent, end_rent)
INSERT INTO renting_instruments (student_id, rental_eligibility_id, start_rent, end_rent) VALUES
(1, 1, '2024-01-01', '2024-06-01'),
(2, 2, '2024-02-01', '2024-07-01'),
(3, 3, '2024-03-01', '2024-08-01'),
(4, 4, '2024-04-01', '2024-09-01'),
(5, 5, '2024-05-01', '2024-10-01'),
(6, 6, '2024-06-01', '2024-11-01'),
(7, 7, '2024-07-01', '2024-12-01'),
(8, 8, '2024-08-01', '2025-01-01'),
(9, 9, '2024-09-01', '2025-02-01'),
(10, 10, '2024-10-01', '2025-03-01'),
(11, 11, '2024-11-01', '2025-04-01'),
(12, 12, '2024-12-01', '2025-05-01'),
(13, 13, '2025-01-01', '2025-06-01'),
(14, 14, '2025-02-01', '2025-07-01'),
(15, 15, '2025-03-01', '2025-08-01'),
(16, 16, '2025-04-01', '2025-09-01'),
(17, 17, '2025-05-01', '2025-10-01'),
(18, 18, '2025-06-01', '2025-11-01'),
(19, 19, '2025-07-01', '2025-12-01'),
(20, 20, '2025-08-01', '2026-01-01'),
(21, 21, '2025-09-01', '2026-02-01'),
(22, 22, '2025-10-01', '2026-03-01'),
(23, 23, '2025-11-01', '2026-04-01'),
(24, 24, '2025-12-01', '2026-05-01'),
(25, 25, '2026-01-01', '2026-06-01'),
(26, 26, '2026-02-01', '2026-07-01'),
(27, 27, '2026-03-01', '2026-08-01'),
(28, 28, '2026-04-01', '2026-09-01'),
(29, 29, '2026-05-01', '2026-10-01'),
(30, 30, '2026-06-01', '2026-11-01'),
(31, 31, '2026-07-01', '2026-12-01'),
(32, 32, '2026-08-01', '2027-01-01'),
(33, 33, '2026-09-01', '2027-02-01'),
(34, 34, '2026-10-01', '2027-03-01'),
(35, 35, '2026-11-01', '2027-04-01'),
(36, 36, '2026-12-01', '2027-05-01'),
(37, 37, '2027-01-01', '2027-06-01'),
(38, 38, '2027-02-01', '2027-07-01'),
(39, 39, '2027-03-01', '2027-08-01'),
(40, 40, '2027-04-01', '2027-09-01'),
(41, 41, '2027-05-01', '2027-10-01'),
(42, 42, '2027-06-01', '2027-11-01'),
(43, 43, '2027-07-01', '2027-12-01'),
(44, 44, '2027-08-01', '2028-01-01'),
(45, 45, '2027-09-01', '2028-02-01'),
(46, 46, '2027-10-01', '2028-03-01'),
(47, 47, '2027-11-01', '2028-04-01'),
(48, 48, '2027-12-01', '2028-05-01'),
(49, 49, '2028-01-01', '2028-06-01'),
(50, 50, '2028-02-01', '2028-07-01'),
(51, 51, '2028-03-01', '2028-08-01'),
(52, 52, '2028-04-01', '2028-09-01'),
(53, 53, '2028-05-01', '2028-10-01'),
(54, 54, '2028-06-01', '2028-11-01'),
(55, 55, '2028-07-01', '2028-12-01'),
(56, 56, '2028-08-01', '2029-01-01'),
(57, 57, '2028-09-01', '2029-02-01'),
(58, 58, '2028-10-01', '2029-03-01'),
(59, 59, '2028-11-01', '2029-04-01'),
(60, 60, '2028-12-01', '2029-05-01'),
(61, 61, '2029-01-01', '2029-06-01'),
(62, 62, '2029-02-01', '2029-07-01'),
(63, 63, '2029-03-01', '2029-08-01'),
(64, 64, '2029-04-01', '2029-09-01'),
(65, 65, '2029-05-01', '2029-10-01'),
(66, 66, '2029-06-01', '2029-11-01'),
(67, 67, '2029-07-01', '2029-12-01'),
(68, 68, '2029-08-01', '2030-01-01'),
(69, 69, '2029-09-01', '2030-02-01'),
(70, 70, '2029-10-01', '2030-03-01'),
(71, 71, '2029-11-01', '2030-04-01'),
(72, 72, '2029-12-01', '2030-05-01'),
(73, 73, '2030-01-01', '2030-06-01'),
(74, 74, '2030-02-01', '2030-07-01'),
(75, 75, '2030-03-01', '2030-08-01'),
(76, 76, '2030-04-01', '2030-09-01'),
(77, 77, '2030-05-01', '2030-10-01'),
(78, 78, '2030-06-01', '2030-11-01'),
(79, 79, '2030-07-01', '2030-12-01'),
(80, 80, '2030-08-01', '2031-01-01'),
(81, 81, '2030-09-01', '2031-02-01'),
(82, 82, '2030-10-01', '2031-03-01'),
(83, 83, '2030-11-01', '2031-04-01'),
(84, 84, '2030-12-01', '2031-05-01'),
(85, 85, '2031-01-01', '2031-06-01'),
(86, 86, '2031-02-01', '2031-07-01'),
(87, 87, '2031-03-01', '2031-08-01'),
(88, 88, '2031-04-01', '2031-09-01'),
(89, 89, '2031-05-01', '2031-10-01'),
(90, 90, '2031-06-01', '2031-11-01'),
(91, 91, '2031-07-01', '2031-12-01'),
(92, 92, '2031-08-01', '2032-01-01'),
(93, 93, '2031-09-01', '2032-02-01'),
(94, 94, '2031-10-01', '2032-03-01'),
(95, 95, '2031-11-01', '2032-04-01'),
(96, 96, '2031-12-01', '2032-05-01'),
(97, 97, '2032-01-01', '2032-06-01'),
(98, 98, '2032-02-01', '2032-07-01'),
(99, 99, '2032-03-01', '2032-08-01'),
(100, 100, '2032-04-01', '2032-09-01'),
(101, 101, '2032-05-01', '2032-10-01'),
(102, 102, '2032-06-01', '2032-11-01'),
(103, 103, '2032-07-01', '2032-12-01'),
(104, 104, '2032-08-01', '2033-01-01'),
(105, 105, '2032-09-01', '2033-02-01'),
(106, 106, '2032-10-01', '2033-03-01'),
(107, 107, '2032-11-01', '2033-04-01'),
(108, 108, '2032-12-01', '2033-05-01'),
(109, 109, '2033-01-01', '2033-06-01'),
(110, 110, '2033-02-01', '2033-07-01'),
(111, 111, '2033-03-01', '2033-08-01'),
(112, 112, '2033-04-01', '2033-09-01'),
(113, 113, '2033-05-01', '2033-10-01'),
(114, 114, '2033-06-01', '2033-11-01'),
(115, 115, '2033-07-01', '2033-12-01'),
(116, 116, '2033-08-01', '2034-01-01'),
(117, 117, '2033-09-01', '2034-02-01'),
(118, 118, '2033-10-01', '2034-03-01'),
(119, 119, '2033-11-01', '2034-04-01'),
(120, 120, '2033-12-01', '2034-05-01'),
(121, 121, '2034-01-01', '2034-06-01'),
(122, 122, '2034-02-01', '2034-07-01'),
(123, 123, '2034-03-01', '2034-08-01'),
(124, 124, '2034-04-01', '2034-09-01'),
(125, 125, '2034-05-01', '2034-10-01'),
(126, 126, '2034-06-01', '2034-11-01'),
(127, 127, '2034-07-01', '2034-12-01'),
(128, 128, '2034-08-01', '2035-01-01'),
(129, 129, '2034-09-01', '2035-02-01'),
(130, 130, '2034-10-01', '2035-03-01'),
(131, 131, '2034-11-01', '2035-04-01'),
(132, 132, '2034-12-01', '2035-05-01'),
(133, 133, '2035-01-01', '2035-06-01'),
(134, 134, '2035-02-01', '2035-07-01'),
(135, 135, '2035-03-01', '2035-08-01'),
(136, 136, '2035-04-01', '2035-09-01'),
(137, 137, '2035-05-01', '2035-10-01'),
(138, 138, '2035-06-01', '2035-11-01'),
(139, 139, '2035-07-01', '2035-12-01'),
(140, 140, '2035-08-01', '2036-01-01'),
(141, 141, '2035-09-01', '2036-02-01'),
(142, 142, '2035-10-01', '2036-03-01'),
(143, 143, '2035-11-01', '2036-04-01'),
(144, 144, '2035-12-01', '2036-05-01'),
(145, 145, '2036-01-01', '2036-06-01'),
(146, 146, '2036-02-01', '2036-07-01'),
(147, 147, '2036-03-01', '2036-08-01'),
(148, 148, '2036-04-01', '2036-09-01'),
(149, 149, '2036-05-01', '2036-10-01'),
(150, 150, '2036-06-01', '2036-11-01');

INSERT INTO instruments (rental_id, instructor_id, instrument_type, brand, quantity, price_per_month) VALUES
(1, 101, 'Piano', 'Yamaha', 10, 50),
(2, 102, 'Guitar', 'Fender', 15, 30),
(3, 103, 'Violin', 'Stradivarius', 12, 40),
(4, 104, 'Flute', 'Pearl', 8, 35),
(5, 105, 'Drums', 'Ludwig', 10, 45),
(6, 106, 'Saxophone', 'Selmer', 5, 60),
(7, 107, 'Trumpet', 'Bach', 7, 55),
(8, 108, 'Cello', 'Steinway', 6, 70),
(9, 109, 'Clarinet', 'Buffet Crampon', 8, 40),
(10, 110, 'Bass Guitar', 'Ibanez', 12, 35),
(11, 111, 'Harp', 'Salvi', 4, 100),
(12, 112, 'Trombone', 'Getzen', 6, 50),
(13, 113, 'Oboe', 'Fox', 5, 65),
(14, 114, 'French Horn', 'Holton', 6, 75),
(15, 115, 'Double Bass', 'Kay', 4, 80),
(16, 116, 'Electric Guitar', 'Gibson', 20, 40),
(17, 117, 'Tuba', 'King', 3, 85),
(18, 118, 'Mandolin', 'Gibson', 8, 50),
(19, 119, 'Accordion', 'Hohner', 7, 45),
(20, 120, 'Banjo', 'Deering', 6, 55),
(21, 121, 'Viola', 'Stradivarius', 10, 50),
(22, 122, 'Marimba', 'Adams', 4, 60),
(23, 123, 'Xylophone', 'Musser', 5, 40),
(24, 124, 'Bassoon', 'Fox', 3, 90),
(25, 125, 'Cymbals', 'Zildjian', 12, 30),
(26, 126, 'Flugelhorn', 'Besson', 5, 50);



INSERT INTO instruments_to_learn (student_id, instrument_type) VALUES
(1, 'Piano'),
(2, 'Guitar'),
(3, 'Violin'),
(4, 'Flute'),
(5, 'Cello'),
(6, 'Drums'),
(7, 'Saxophone'),
(8, 'Trumpet'),
(9, 'Clarinet'),
(10, 'Trombone'),
(11, 'Bass Guitar'),
(12, 'Harp'),
(13, 'Oboe'),
(14, 'French Horn'),
(15, 'Tuba'),
(16, 'Viola'),
(17, 'Double Bass'),
(18, 'Mandolin'),
(19, 'Recorder'),
(20, 'Banjo'),
(21, 'Percussion'),
(22, 'Accordion'),
(23, 'Electric Guitar'),
(24, 'Bassoon'),
(25, 'French Horn'),
(26, 'Piano'),
(27, 'Guitar'),
(28, 'Trumpet'),
(29, 'Saxophone'),
(30, 'Violin'),
(31, 'Cello'),
(32, 'Flute'),
(33, 'Drums'),
(34, 'Oboe'),
(35, 'Clarinet'),
(36, 'Trombone'),
(37, 'Bass Guitar'),
(38, 'Harp'),
(39, 'Mandolin'),
(40, 'Double Bass'),
(41, 'Tuba'),
(42, 'French Horn'),
(43, 'Viola'),
(44, 'Clarinet'),
(45, 'Electric Guitar'),
(46, 'Banjo'),
(47, 'Recorder'),
(48, 'Accordion'),
(49, 'Bassoon'),
(50, 'Saxophone'),
(51, 'Violin'),
(52, 'Piano'),
(53, 'Cello'),
(54, 'Flute'),
(55, 'Trombone'),
(56, 'Guitar'),
(57, 'Electric Guitar'),
(58, 'Drums'),
(59, 'Percussion'),
(60, 'Saxophone'),
(61, 'Trumpet'),
(62, 'Bass Guitar'),
(63, 'Harp'),
(64, 'Viola'),
(65, 'Double Bass'),
(66, 'Clarinet'),
(67, 'Banjo'),
(68, 'Piano'),
(69, 'Cello'),
(70, 'Tuba'),
(71, 'Oboe'),
(72, 'Violin'),
(73, 'Mandolin'),
(74, 'Guitar'),
(75, 'Bass Guitar'),
(76, 'Trombone'),
(77, 'French Horn'),
(78, 'Drums'),
(79, 'Saxophone'),
(80, 'Flute'),
(81, 'Clarinet'),
(82, 'Piano'),
(83, 'Electric Guitar'),
(84, 'Cello'),
(85, 'Banjo'),
(86, 'Saxophone'),
(87, 'Viola'),
(88, 'Bassoon'),
(89, 'Tuba'),
(90, 'Oboe'),
(91, 'Clarinet'),
(92, 'Harp'),
(93, 'Drums'),
(94, 'Violin'),
(95, 'Piano'),
(96, 'Guitar'),
(97, 'Saxophone'),
(98, 'Mandolin'),
(99, 'Trombone'),
(100, 'Clarinet'),
(101, 'Electric Guitar'),
(102, 'Banjo'),
(103, 'Viola'),
(104, 'Tuba'),
(105, 'Cello'),
(106, 'Bass Guitar'),
(107, 'French Horn'),
(108, 'Flute'),
(109, 'Saxophone'),
(110, 'Bassoon'),
(111, 'Violin'),
(112, 'Percussion'),
(113, 'Drums'),
(114, 'Piano'),
(115, 'Trombone'),
(116, 'Cello'),
(117, 'Saxophone'),
(118, 'Electric Guitar'),
(119, 'Viola'),
(120, 'Guitar'),
(121, 'Flute'),
(122, 'Oboe'),
(123, 'Recorder'),
(124, 'Bass Guitar'),
(125, 'Violin'),
(126, 'Mandolin'),
(127, 'Drums'),
(128, 'Saxophone'),
(129, 'Electric Guitar'),
(130, 'Bassoon'),
(131, 'Piano'),
(132, 'Banjo'),
(133, 'Cello'),
(134, 'Flute'),
(135, 'Oboe'),
(136, 'Trombone'),
(137, 'Saxophone'),
(138, 'Drums'),
(139, 'Guitar'),
(140, 'Bass Guitar'),
(141, 'Harp'),
(142, 'Electric Guitar'),
(143, 'Piano'),
(144, 'Viola'),
(145, 'Clarinet'),
(146, 'Banjo'),
(147, 'Cello'),
(148, 'Tuba'),
(149, 'Flute'),
(150, 'Double Bass');


INSERT INTO guardian_student (student_id, guardian_id) VALUES
(1, 1),
(2, 2),
(3, 3),
(4, 4),
(5, 5),
(6, 6),
(7, 7),
(8, 8),
(9, 9),
(10, 10),
(11, 11),
(12, 12),
(13, 13),
(14, 14),
(15, 15),
(16, 16),
(17, 17),
(18, 18),
(19, 19),
(20, 20),
(21, 21),
(22, 22),
(23, 23),
(24, 24),
(25, 25),
(26, 26),
(27, 27),
(28, 28),
(29, 29),
(30, 30),
(31, 31),
(32, 32),
(33, 33),
(34, 34),
(35, 35),
(36, 36),
(37, 37),
(38, 38),
(39, 39),
(40, 40),
(41, 41),
(42, 42),
(43, 43),
(44, 44),
(45, 45),
(46, 46),
(47, 47),
(48, 48),
(49, 49),
(50, 50),
(51, 51),
(52, 52),
(53, 53),
(54, 54),
(55, 55),
(56, 56),
(57, 57),
(58, 58),
(59, 59),
(60, 60),
(61, 61),
(62, 62),
(63, 63),
(64, 64),
(65, 65),
(66, 66),
(67, 67),
(68, 68),
(69, 69),
(70, 70),
(71, 71),
(72, 72),
(73, 73),
(74, 74),
(75, 75),
(76, 76),
(77, 77),
(78, 78),
(79, 79),
(80, 80),
(81, 81),
(82, 82),
(83, 83),
(84, 84),
(85, 85),
(86, 86),
(87, 87),
(88, 88),
(89, 89),
(90, 90),
(91, 91),
(92, 92),
(93, 93),
(94, 94),
(95, 95),
(96, 96),
(97, 97),
(98, 98),
(99, 99),
(100, 100),
(101, 101),
(102, 102),
(103, 103),
(104, 104),
(105, 105),
(106, 106),
(107, 107),
(108, 108),
(109, 109),
(110, 110),
(111, 111),
(112, 112),
(113, 113),
(114, 114),
(115, 115),
(116, 116),
(117, 117),
(118, 118),
(119, 119),
(120, 120),
(121, 121),
(122, 122),
(123, 123),
(124, 124),
(125, 125),
(126, 126),
(127, 127),
(128, 128),
(129, 129),
(130, 130),
(131, 131),
(132, 132),
(133, 133),
(134, 134),
(135, 135),
(136, 136),
(137, 137),
(138, 138),
(139, 139),
(140, 140),
(141, 141),
(142, 142),
(143, 143),
(144, 144),
(145, 145),
(146, 146),
(147, 147),
(148, 148),
(149, 149),
(150, 150);

INSERT INTO guardian_sibling (guardian_id, sibling_id) VALUES
(1, 2),
(3, 4),
(5, 6),
(7, 8),
(9, 10),
(11, 12),
(13, 14),
(15, 16),
(17, 18),
(19, 20),
(21, 22),
(23, 24),
(25, 26),
(27, 28),
(29, 30),
(31, 32),
(33, 34),
(35, 36),
(37, 38),
(39, 40),
(41, 42),
(43, 44),
(45, 46),
(47, 48),
(49, 50),
(51, 52),
(53, 54),
(55, 56),
(57, 58),
(59, 60),
(61, 62),
(63, 64),
(65, 66),
(67, 68),
(69, 70),
(71, 72),
(73, 74),
(75, 76),
(77, 78),
(79, 80),
(81, 82),
(83, 84),
(85, 86),
(87, 88),
(89, 90),
(91, 92),
(93, 94),
(95, 96),
(97, 98),
(99, 100),
(101, 102),
(103, 104),
(105, 106),
(107, 108),
(109, 110),
(111, 112),
(113, 114),
(115, 116),
(117, 118),
(119, 120),
(121, 122),
(123, 124),
(125, 126),
(127, 128),
(129, 130),
(131, 132),
(133, 134),
(135, 136),
(137, 138),
(139, 140),
(141, 142),
(143, 144),
(145, 146),
(147, 148),
(149, 150);

INSERT INTO student_group_lessons (student_id, lesson_id) VALUES
(1, 1),
(2, 2),
(3, 3),
(4, 4),
(5, 5),
(6, 6),
(7, 7),
(8, 8),
(9, 9),
(10, 10),
(11, 11),
(12, 12),
(13, 13),
(14, 14),
(15, 15),
(16, 16),
(17, 17),
(18, 18),
(19, 19),
(20, 20),
(21, 21),
(22, 22),
(23, 23),
(24, 24),
(25, 25),
(26, 26),
(27, 27),
(28, 28),
(29, 29),
(30, 30),
(31, 31),
(32, 32),
(33, 33),
(34, 34),
(35, 35),
(36, 36),
(37, 37),
(38, 38),
(39, 39),
(40, 40),
(41, 41),
(42, 42),
(43, 43),
(44, 44),
(45, 45),
(46, 46),
(47, 47),
(48, 48),
(49, 49),
(50, 50),
(51, 51),
(52, 52),
(53, 53),
(54, 54),
(55, 55),
(56, 56),
(57, 57),
(58, 58),
(59, 59),
(60, 60),
(61, 61),
(62, 62),
(63, 63),
(64, 64),
(65, 65),
(66, 66),
(67, 67),
(68, 68),
(69, 69),
(70, 70),
(71, 71),
(72, 72),
(73, 73),
(74, 74),
(75, 75),
(76, 76),
(77, 77),
(78, 78),
(79, 79),
(80, 80),
(81, 81),
(82, 82),
(83, 83),
(84, 84),
(85, 85),
(86, 86),
(87, 87),
(88, 88),
(89, 89),
(90, 90),
(91, 91),
(92, 92),
(93, 93),
(94, 94),
(95, 95),
(96, 96),
(97, 97),
(98, 98),
(99, 99),
(100, 100),
(101, 101),
(102, 102),
(103, 103),
(104, 104),
(105, 105),
(106, 106),
(107, 107),
(108, 108),
(109, 109),
(110, 110),
(111, 111),
(112, 112),
(113, 113),
(114, 114),
(115, 115),
(116, 116),
(117, 117),
(118, 118),
(119, 119),
(120, 120),
(121, 121),
(122, 122),
(123, 123),
(124, 124),
(125, 125),
(126, 126),
(127, 127),
(128, 128),
(129, 129),
(130, 130),
(131, 131),
(132, 132),
(133, 133),
(134, 134),
(135, 135),
(136, 136),
(137, 137),
(138, 138),
(139, 139),
(140, 140),
(141, 141),
(142, 142),
(143, 143),
(144, 144),
(145, 145),
(146, 146),
(147, 147),
(148, 148),
(149, 149),
(150, 150);

INSERT INTO student_ensembles (student_id, ensemble_id) VALUES
(1, 1),
(2, 2),
(3, 3),
(4, 4),
(5, 5),
(6, 6),
(7, 7),
(8, 8),
(9, 9),
(10, 10),
(11, 11),
(12, 12),
(13, 13),
(14, 14),
(15, 15),
(16, 16),
(17, 17),
(18, 18),
(19, 19),
(20, 20),
(21, 21),
(22, 22),
(23, 23),
(24, 24),
(25, 25),
(26, 26),
(27, 27),
(28, 28),
(29, 29),
(30, 30),
(31, 31),
(32, 32),
(33, 33),
(34, 34),
(35, 35),
(36, 36),
(37, 37),
(38, 38),
(39, 39),
(40, 40),
(41, 41),
(42, 42),
(43, 43),
(44, 44),
(45, 45),
(46, 46),
(47, 47),
(48, 48),
(49, 49),
(50, 50),
(51, 51),
(52, 52),
(53, 53),
(54, 54),
(55, 55),
(56, 56),
(57, 57),
(58, 58),
(59, 59),
(60, 60),
(61, 61),
(62, 62),
(63, 63),
(64, 64),
(65, 65),
(66, 66),
(67, 67),
(68, 68),
(69, 69),
(70, 70),
(71, 71),
(72, 72),
(73, 73),
(74, 74),
(75, 75),
(76, 76),
(77, 77),
(78, 78),
(79, 79),
(80, 80),
(81, 81),
(82, 82),
(83, 83),
(84, 84),
(85, 85),
(86, 86),
(87, 87),
(88, 88),
(89, 89),
(90, 90),
(91, 91),
(92, 92),
(93, 93),
(94, 94),
(95, 95),
(96, 96),
(97, 97),
(98, 98),
(99, 99),
(100, 100),
(101, 101),
(102, 102),
(103, 103),
(104, 104),
(105, 105),
(106, 106),
(107, 107),
(108, 108),
(109, 109),
(110, 110),
(111, 111),
(112, 112),
(113, 113),
(114, 114),
(115, 115),
(116, 116),
(117, 117),
(118, 118),
(119, 119),
(120, 120),
(121, 121),
(122, 122),
(123, 123),
(124, 124),
(125, 125),
(126, 126),
(127, 127),
(128, 128),
(129, 129),
(130, 130),
(131, 131),
(132, 132),
(133, 133),
(134, 134),
(135, 135),
(136, 136),
(137, 137),
(138, 138),
(139, 139),
(140, 140),
(141, 141),
(142, 142),
(143, 143),
(144, 144),
(145, 145),
(146, 146),
(147, 147),
(148, 148),
(149, 149),
(150, 150);







